Product_Name,Price,Added_to_Cart,Favorites,Rating_Score,Rating_Count,Promotions
"AltÄ±nyÄ±ldÄ±z Classics Men's Dried Rose Slim Fit Polo Collar T-Shirt - 100% Cotton, Non-Curling","37,99â‚¬",ğŸš€,ğŸ§¡,94.57936874893535%,5668,Free Shipping
"HLT JEANS Black Straight Baggy Fit Men's Jeans - Lycra Free, 100% Cotton, Comfortable Cut Man","27,99â‚¬",ğŸš€,ğŸ§¡,92.44213509683514%,219,Free Shipping Over 30â‚¬
AC&Co / AltÄ±nyÄ±ldÄ±z Classics Men's Slim Fit Jet Black Polo Collar T-shirt - Non-Shrinkable Cotton Fabric,"28,99â‚¬",ğŸš€,ğŸ§¡,95.06605340910164%,29224,Free Shipping Over 30â‚¬
Riccon Men's Black Boots 0012716,"33,99â‚¬",ğŸš€,ğŸ§¡,89.10686396782059%,3069,Free Shipping
AltÄ±nyÄ±ldÄ±z Classics Men's Mink Standard Fit Regular Cut Half Turtleneck Cotton Knitwear Sweater,"15,99â‚¬",ğŸš€,ğŸ§¡,91.63218390804599%,1125,Free Shipping Over 30â‚¬
Puma Men&#39;s Shoes Anzarun Lite White- White 37112803,"59,95â‚¬",ğŸš€,ğŸ§¡,92.60009553971092%,3898,Free Shipping
AC&Co / AltÄ±nyÄ±ldÄ±z Classics Men's Stone 360 Degree All Direction Stretch Slim Fit Slim Fit Diagonal Stretch Patterned Trousers,"50,99â‚¬",ğŸš€,ğŸ§¡,93.01426872770512%,348,Free Shipping
Edit by Trendyol Pack of 10 Black Men's Plain Boxers - TMNSS24BX00025,"24,99â‚¬",ğŸš€,ğŸ§¡,76.12732095490716%,65,Free Shipping Over 30â‚¬
Black Sokak Blacksokak Men's Beige Dreamer Printed Oversize Crew Neck Tshirt,"8,99â‚¬",ğŸš€,ğŸ§¡,68.62323853912537%,2841,Free Shipping Over 30â‚¬
GRIMELANGE Byron Men's Crew Neck Batik Patterned Anthracite Sweatshirt,"28,99â‚¬",ğŸš€,ğŸ§¡,90.80459770114943%,15,Free Shipping Over 30â‚¬
AC&Co / AltÄ±nyÄ±ldÄ±z Classics Men's Navy Blue-ecru Standard Fit Regular Cut Crew Neck Striped Knitwear Sweater,"38,99â‚¬",ğŸš€,ğŸ§¡,93.9298102428076%,338,Free Shipping
Asics Gel-Nyc Men's Beige Sneakers - 1201A789-103 Model,"150,00â‚¬",ğŸš€,ğŸ§¡,98.27586206896552%,10,Free Shipping
Madmext Men's Cargo Pocket Khaki Trousers 5447,"28,99â‚¬",ğŸš€,ğŸ§¡,85.71634684749677%,239,Free Shipping Over 30â‚¬
Slazenger Men's Black Slippers Sa11se010,"6,99â‚¬",ğŸš€,ğŸ§¡,89.23165772312728%,2866,Free Shipping Over 30â‚¬
Lacoste Men's Gray Boxers,"50,00â‚¬",ğŸš€,ğŸ§¡,100%,3,Free Shipping
Pijamaevi Black Winner Printed Polar Men's Pajama Set,"26,99â‚¬",ğŸš€,ğŸ§¡,96.89089881288862%,183,Free Shipping Over 30â‚¬
adidas Men's Campus 00S Black Sports Shoes Hq8708,"120,00â‚¬",ğŸš€,ğŸ§¡,91.67657550535078%,58,Free Shipping
"AC&Co / AltÄ±nyÄ±ldÄ±z Classics White Polo Collar Slim Fit T-shirt - Men's, Non-Shrinkable Cotton Fabric","38,99â‚¬",ğŸš€,ğŸ§¡,94.84265797377692%,38208,Free Shipping
Madmext Men's Black Cargo Pocket Pants 5447,"35,99â‚¬",ğŸš€,ğŸ§¡,85.40923503765357%,696,Free Shipping
Birkenstock Men's Arizona Eva Slippers,"55,00â‚¬",ğŸš€,ğŸ§¡,91.18387909319898%,397,Free Shipping
Nike Sportswear Men's Sweatshirt,"34,99â‚¬",ğŸš€,ğŸ§¡,29.310344827586206%,10,Free Shipping
GRIMELANGE CultÄ±vated Men's 3-Piece Thick Textured Regular 100% Organic Cotton Multi-Colored T-Shirt,"17,99â‚¬",ğŸš€,ğŸ§¡,91.53355212335195%,6651,Free Shipping Over 30â‚¬
GRIMELANGE Marshall Men's Cotton Fleece Inside Embroidered Relaxed Beige Tracksuit Set,"34,99â‚¬",ğŸš€,ğŸ§¡,87.56827260128803%,846,Free Shipping
D1fference Men's Black Lined Windproof Hooded Winter Jacket,"31,99â‚¬",ğŸš€,ğŸ§¡,76.97557471264369%,96,Free Shipping
Madmext Black Men's Tracksuit with Elastic Legs 4821,"25,99â‚¬",ğŸš€,ğŸ§¡,89.86587069538066%,4517,Free Shipping Over 30â‚¬
Vans Ua Old Skool Men's Sneakers,"90,99â‚¬",ğŸš€,ğŸ§¡,91.96976854038734%,73,Free Shipping
Slazenger Men's Black Slippers Sa11se010,"6,99â‚¬",ğŸš€,ğŸ§¡,89.23165772312728%,2866,Free Shipping Over 30â‚¬
Madmext Black Relaxed Men's Trousers 6510,"34,99â‚¬",ğŸš€,ğŸ§¡,79.3103448275862%,51,Free Shipping
AltÄ±nyÄ±ldÄ±z Classics Men's Navy Blue Slim Fit Narrow Cut Mono Collar Suit,"6,99â‚¬",ğŸš€,ğŸ§¡,90.80589355829413%,887,Free Shipping Over 30â‚¬
AC&Co / AltÄ±nyÄ±ldÄ±z Classics Black Slim Fit Men's Chino Pants - Side Pocket,"23,99â‚¬",ğŸš€,ğŸ§¡,91.35104578858112%,2745,Free Shipping Over 30â‚¬
Trendyol Collection men's Grey-green Plaid Pajama Set - TMNAW25PT00038,"25,99â‚¬",ğŸš€,ğŸ§¡,89.272030651341%,45,Free Shipping Over 30â‚¬
AC&Co / AltÄ±nyÄ±ldÄ±z Classics Men's Anthracite Anti-pilling Non-Pilling Standard Fit Stand-up Collar Cold-Proof Fleece Sweatshirt,"28,99â‚¬",ğŸš€,ğŸ§¡,95.18021725088772%,10517,Free Shipping Over 30â‚¬
"Trendyol Collection Men's Knitted Pajama Set - Black, Regular Fit, Printed - TMNAW22PT0759","25,99â‚¬",ğŸš€,ğŸ§¡,94.73180076628353%,36,Free Shipping Over 30â‚¬
Cool & Sexy Black Maxi Women's Dress - Adjustable Strap Men2004,"13,99â‚¬",ğŸš€,ğŸ§¡,91.05143156917738%,1709,Free Shipping Over 30â‚¬
ablukaonline Men's Black Pleated Pants,"30,99â‚¬",ğŸš€,ğŸ§¡,89.10214703968771%,106,Free Shipping
AC&Co / AltÄ±nyÄ±ldÄ±z Classics Men's Claret Red 100% Cotton Oxford Slim Fit Buttoned Collar Flared Shirt,"31,99â‚¬",ğŸš€,ğŸ§¡,93.23086724536115%,433,Free Shipping
bombe Men's Slim Fit Slim Fit Jeans Cuffed Trousers,"24,99â‚¬",ğŸš€,ğŸ§¡,88.78707499397156%,143,Free Shipping Over 30â‚¬
Calvin Klein Men's White T-Shirt,"39,90â‚¬",ğŸš€,ğŸ§¡,88.50574712643677%,36,Free Shipping
Madmext Blue Stonewashed Slim Fit Men's Jean 6342,"35,99â‚¬",ğŸš€,ğŸ§¡,74.48275862068965%,100,Free Shipping
AltÄ±nyÄ±ldÄ±z Classics Men's Anthracite Slim Fit Polo Collar Cotton T-Shirt - Uncurlable,"37,99â‚¬",ğŸš€,ğŸ§¡,93.40168445843892%,2694,Free Shipping
GRIMELANGE John Men's Polo Sweat Shirt Collar Long Slit on the Back Diagonal Fabric Vanilla Sweatshirt,"18,99â‚¬",ğŸš€,ğŸ§¡,70.20169160702667%,53,Free Shipping Over 30â‚¬
Black Sokak Beige The Hope Printed Oversize Hooded Men's Sweatshirt,"25,99â‚¬",ğŸš€,ğŸ§¡,76.21309105926079%,1002,Free Shipping Over 30â‚¬
Nike Men's Rosa Socks - Sx7669-010-010 Model,"25,99â‚¬",ğŸš€,ğŸ§¡,88.06366047745358%,13,Free Shipping Over 30â‚¬
Madmext Fabric Parachute Black Basic Men's Trousers 6513,"30,99â‚¬",ğŸš€,ğŸ§¡,75.24215420379699%,89,Free Shipping
AltÄ±nyÄ±ldÄ±z Classics Men's Navy Blue Non-Pilling Standard Fit Normal Cut Half Turtleneck Knitwear Sweater,"31,99â‚¬",ğŸš€,ğŸ§¡,94.4654152213834%,1352,Free Shipping
Black Sokak Men's Gray Chest Slim Striped Paris Printed Oversize Crew Neck T-Shirt,"8,99â‚¬",ğŸš€,ğŸ§¡,68.09441420921804%,6298,Free Shipping Over 30â‚¬
"Trendyol Collection Men's Slim Fit Oxford Classic Shirt - Easy Iron, Tmnaw23Go00039","15,99â‚¬",ğŸš€,ğŸ§¡,89.67785843920146%,152,Free Shipping Over 30â‚¬
GRIMELANGE Dimitri Men's Faded Effect Pocket and Ornamental Label Oversized Fit Khaki Sweatshirt,"33,99â‚¬",ğŸš€,ğŸ§¡,87.93103448275862%,10,Free Shipping
"Trendyol Collection Men's Slim Fit Oxford Classic Shirt - Easy Iron, Tmnaw23Go00039","15,99â‚¬",ğŸš€,ğŸ§¡,89.67785843920146%,152,Free Shipping Over 30â‚¬
Black Sokak Men's Gray Chest Slim Striped Paris Printed Oversize Crew Neck T-Shirt,"8,99â‚¬",ğŸš€,ğŸ§¡,68.09441420921804%,6298,Free Shipping Over 30â‚¬
D1fference Men's Black Thick Lined Windproof Hooded Winter Sports Coat & Coat & Parka,"45,99â‚¬",ğŸš€,ğŸ§¡,73.0741012472487%,94,Free Shipping
AltÄ±nyÄ±ldÄ±z Classics Men's Khaki Slim Fit Polo Collar Cotton T-Shirt - Uncurlable,"31,99â‚¬",ğŸš€,ğŸ§¡,93.910998008254%,9851,Free Shipping
GRIMELANGE Dimitri Men's Faded Effect Pocket and Ornamental Label Oversized Fit Khaki Sweatshirt,"33,99â‚¬",ğŸš€,ğŸ§¡,87.93103448275862%,10,Free Shipping
GRIMELANGE Arnold Men's Hooded Corded Fleece Printed Saks Blue Sweatshirt,"29,99â‚¬",ğŸš€,ğŸ§¡,91.6405433646813%,33,Free Shipping Over 30â‚¬
Yaya by HotiÃ§ Genuine Leather Black Men's Casual Shoes,"105,99â‚¬",ğŸš€,ğŸ§¡,89.61096374889479%,78,Free Shipping
"D1fference Men's Black Puffer Parka - Hooded, Windproof, Fiber Filled, Long Winter Coat","36,99â‚¬",ğŸš€,ğŸ§¡,85.03578399479505%,53,Free Shipping
AC&Co / AltÄ±nyÄ±ldÄ±z Classics Men's Black 100% Cotton Oxford Slim Fit Buttoned Collar Flared Shirt,"31,99â‚¬",ğŸš€,ğŸ§¡,92.63498502849416%,2142,Free Shipping
AC&Co / AltÄ±nyÄ±ldÄ±z Classics Men's White Slim Fit Narrow Cut Oxford Button Collar Dobby Cotton Shirt,"29,99â‚¬",ğŸš€,ğŸ§¡,93.39389445062413%,2790,Free Shipping Over 30â‚¬
"HLT JEANS Light Blue Men's Jeans - Straight Baggy Fit, Loose Fit, 100% Cotton Denim, Chris Jeans","32,99â‚¬",ğŸš€,ğŸ§¡,87.10850996520091%,218,Free Shipping
Nike Air Max 90 White Men's Casual Shoes - CN8490-100,"172,99â‚¬",ğŸš€,ğŸ§¡,100%,1,Free Shipping
bombe Men's Slim Fit Slim Fit Jeans Cuffed Trousers,"42,99â‚¬",ğŸš€,ğŸ§¡,87.23348249539353%,131,Free Shipping
"New Balance Men's Sneakers - Bb480Lgm Model, White","100,00â‚¬",ğŸš€,ğŸ§¡,92.81609195402298%,24,Free Shipping
bombe Men's Slim Fit Slim Fit Jeans Trousers Gray,"44,99â‚¬",ğŸš€,ğŸ§¡,89.92330757698075%,2392,Free Shipping
AC&Co / AltÄ±nyÄ±ldÄ±z Classics Men's Blue 100% Cotton Oxford Slim Fit Buttoned Collar Flared Shirt,"31,99â‚¬",ğŸš€,ğŸ§¡,93.28293266615904%,634,Free Shipping
Nike Cn9675-002 Victori One Slide - Men's Sports Slippers,"34,99â‚¬",ğŸš€,ğŸ§¡,89.53201970443351%,28,Free Shipping
GRIMELANGE Jett Men's Oversize Fit 100% Organic Cotton Thick Textured Crew Neck Black T-Shirt,"11,99â‚¬",ğŸš€,ğŸ§¡,93.07165972703537%,6617,Free Shipping Over 30â‚¬
bombe Men's Cargo Pants Black,"41,99â‚¬",ğŸš€,ğŸ§¡,87.21715375496109%,669,Free Shipping
AC&Co / AltÄ±nyÄ±ldÄ±z Classics Men's Gray Melange Standard Fit 3 Thread Hooded Kangaroo Pocket Cotton Sweatshirt with Fleece Inside,"28,99â‚¬",ğŸš€,ğŸ§¡,96.10445823113547%,239,Free Shipping Over 30â‚¬
GRIMELANGE Dimitri Men's Faded Effect Pocket and Ornamental Label Oversize Fit Claret Red Sweatshirt,"33,99â‚¬",ğŸš€,ğŸ§¡,100%,7,Free Shipping
"AltÄ±nyÄ±ldÄ±z Classics Claret Red Men's Knitwear Sweater - Standard Fit, Non-Pilling, Full Turtleneck","18,99â‚¬",N/A,ğŸ§¡,93.73040752351098%,22,Free Shipping Over 30â‚¬
AC&Co / AltÄ±nyÄ±ldÄ±z Classics Men's Khaki Slim Fit Slim Fit Side Pocket Flexible Chino Trousers,"22,99â‚¬",ğŸš€,ğŸ§¡,92.10664377354891%,723,Free Shipping Over 30â‚¬
Avva Men's White 100% Linen Buttoned Collar Shirt B 002191,"40,99â‚¬",ğŸš€,ğŸ§¡,92.44213509683514%,146,Free Shipping
GRIMELANGE Jardel Men's Hooded Pink Sweatshirt with Fleece Inside Kangaroo Pocket,"29,99â‚¬",ğŸš€,ğŸ§¡,94.75262368815594%,23,Free Shipping Over 30â‚¬
Riccon Men's Black Sneakers 0012X20,"34,99â‚¬",ğŸš€,ğŸ§¡,87.09324915007285%,1420,Free Shipping
"GRIMELANGE Tremont Men's Black Polo Collar Slim Fit T-Shirt - 100% Organic Cotton, Long Sleeve","12,99â‚¬",ğŸš€,ğŸ§¡,90.10740531373658%,61,Free Shipping Over 30â‚¬
The North Face Simple Dome Men's Black Round Collar T-Shirt,"30,00â‚¬",ğŸš€,ğŸ§¡,77.15517241379311%,16,Free Shipping
QS by s.Oliver Men jeans,"31,99â‚¬",ğŸš€,ğŸ§¡,79.3103448275862%,5,Free Shipping
bombe Men's Slim Fit Narrow Cut Nails Jeans Trousers Ice Blue,"38,99â‚¬",ğŸš€,ğŸ§¡,86.30589011714238%,209,Free Shipping
GRIMELANGE Dimitri Men's Faded Effect Pocket and Ornamental Label Oversize Fit Claret Red Sweatshirt,"33,99â‚¬",ğŸš€,ğŸ§¡,100%,7,Free Shipping
Madmext Smoked Crew Neck Oversize Basic Men's Sweatshirt 6048,"6,99â‚¬",ğŸš€,ğŸ§¡,91.53617980091839%,2418,Free Shipping Over 30â‚¬
Tommy Hilfiger Men's Black Coat Mw0mw18763bds-black,"199,90â‚¬",ğŸš€,ğŸ§¡,95.94320486815417%,34,Free Shipping
adidas Men's Vs Pace 2.0 White Sports Shoes Hp6012,"47,99â‚¬",ğŸš€,ğŸ§¡,90.04490383800733%,814,Free Shipping
Trendyol Collection Anthracite Men's Regular/Normal Cut Long Sleeve Crew Neck Printed Sweatshirt TMNAW22SW0572,"7,99â‚¬",ğŸš€,ğŸ§¡,90.01291861273971%,694,Free Shipping Over 30â‚¬
AC&Co / AltÄ±nyÄ±ldÄ±z Classics Men's Khaki 100% Cotton Oxford Slim Fit Buttoned Collar Flared Shirt,"25,99â‚¬",ğŸš€,ğŸ§¡,95.6277841940274%,418,Free Shipping Over 30â‚¬
GRIMELANGE Patrick Men's Waffle Knitwear - Special Texture Premium Black T-Shirt,"16,99â‚¬",ğŸš€,ğŸ§¡,90.79223828945743%,279,Free Shipping Over 30â‚¬
"Calvin Klein Men's Sneakers - Side and Tongue Detailed, Logo Stylish Looking Black","99,90â‚¬",ğŸš€,ğŸ§¡,94.37781109445278%,46,Free Shipping
Edit by Trendyol Men's Gray Slim Knitwear Sweater - Tmnaw25Kz00070,"14,99â‚¬",ğŸš€,ğŸ§¡,72.84482758620689%,8,Free Shipping Over 30â‚¬
Calvin Klein Calvin Klein Men's Slippers - Ym0Ym 012710 Gm High Design,"39,90â‚¬",ğŸš€,ğŸ§¡,100%,4,Free Shipping
Nike Men's Round Neck Black-Grey-Silver T-Shirt DZ2989-010 M TEE FRAN JDI VERBIAGE,"24,99â‚¬",ğŸš€,ğŸ§¡,91.37931034482759%,4,Free Shipping Over 30â‚¬
The North Face Men's White-XL Shadow LS Shirt - NF0A87TVQLI1,"58,99â‚¬",ğŸš€,ğŸ§¡,N/A,N/A,Free Shipping
HLT JEANS Men's Grinded Blue Regular Fit Relaxed Cut Flexible Lycra Denim Jeans Jeans HLTHE003001,"36,99â‚¬",ğŸš€,ğŸ§¡,92.41084585912174%,1404,Free Shipping
Cool & Sexy Women's Black Maxi Dress MEN2008,"15,99â‚¬",ğŸš€,ğŸ§¡,91.31985731272295%,145,Free Shipping Over 30â‚¬
AC&Co / AltÄ±nyÄ±ldÄ±z Classics Black Slim Fit Flexible 5 Pocket Cotton Men's Chino Pants,"33,99â‚¬",ğŸš€,ğŸ§¡,91.59199183303085%,2432,Free Shipping
Nike M J City 88 Ss Crew - Men Sweatshirt,"39,99â‚¬",ğŸš€,ğŸ§¡,N/A,N/A,Free Shipping
Calvin Klein Black Men's Hooded Collar Windbreaker 00Gms4O525Bae-Wo - Wind,"88,99â‚¬",N/A,ğŸ§¡,100%,1,Free Shipping
GRIMELANGE JeremÄ±ah Men's Regular Leg Flexible Fabric Burgundy Sweatpants with Lanyard Waist and Elastic Pockets,"15,99â‚¬",N/A,ğŸ§¡,88.44043887147335%,88,Free Shipping Over 30â‚¬
GRIMELANGE Jochen Men's Oversize Fit Velvet College Printed Gray Sweatshirt with Fleece Inside,"35,99â‚¬",ğŸš€,ğŸ§¡,75.41713014460511%,31,Free Shipping
Etikmen Indigo Brown Men's Slimfit Shirt - With Gift Box and Buttons,"27,99â‚¬",ğŸš€,ğŸ§¡,93.46302341380968%,2081,Free Shipping Over 30â‚¬
AC&Co / AltÄ±nyÄ±ldÄ±z Classics Men's Navy Blue Slim Fit Slim Fit 5 Pocket Flexible Chino Trousers,"31,99â‚¬",N/A,ğŸ§¡,89.91905594923948%,1163,Free Shipping
Black Sokak Dyed Gray Paradise Wing Printed Hooded Oversize Sweatshirt Men,"14,99â‚¬",ğŸš€,ğŸ§¡,83.4710743801653%,121,Free Shipping Over 30â‚¬
AC&Co / AltÄ±nyÄ±ldÄ±z Classics Men's Gray Slim Fit Comfortable Cut Waist Tied Side Pocket Jogger Pants,"31,99â‚¬",ğŸš€,ğŸ§¡,91.43219801142372%,815,Free Shipping
adidas Sportswear Campus 00s Men's Sneakers,"110,00â‚¬",ğŸš€,ğŸ§¡,100%,1,Free Shipping
"Etikmen Men's Lumberjack Shirt - Brown White, Slimfit, Gift Boxed","28,99â‚¬",ğŸš€,ğŸ§¡,91.0726454954341%,253,Free Shipping Over 30â‚¬
Avva Men's Blue Buttoned Collar Easy-Iron Cotton Oxford Shirt E 002000,"18,99â‚¬",ğŸš€,ğŸ§¡,93.19419237749545%,1254,Free Shipping Over 30â‚¬
"AC&Co / AltÄ±nyÄ±ldÄ±z Classics Green Slim Fit Men's Shirt - 100% Cotton, Hidden Button, Linen Flamed","12,99â‚¬",ğŸš€,ğŸ§¡,93.71308820727761%,362,Free Shipping Over 30â‚¬
AC&Co / AltÄ±nyÄ±ldÄ±z Classics Men's Indigo 100% Cotton Oxford Slim Fit Buttoned Collar Flamed Shirt,"25,99â‚¬",ğŸš€,ğŸ§¡,93.45327336331833%,345,Free Shipping Over 30â‚¬
AC&Co / AltÄ±nyÄ±ldÄ±z Classics Men's Ecru-Black Oversize Loose Cut Crew Neck Patterned Knitwear Sweater,"41,99â‚¬",ğŸš€,ğŸ§¡,97.84482758620689%,32,Free Shipping
Trendyol Collection Men's Winter Navy Blue Wool Blended Stamp Coat - Regular Fit TMNAW25KB00003,"73,99â‚¬",ğŸš€,ğŸ§¡,87.93103448275862%,10,Free Shipping
AC&Co / AltÄ±nyÄ±ldÄ±z Classics Men's Black Slim Fit Comfortable Cut Waist Tied Side Pocket Jogger Pants,"33,99â‚¬",ğŸš€,ğŸ§¡,89.09657320872275%,1284,Free Shipping
Calvin Klein Men's Brand Logo Cotton Regular Fit Casual Black Sweatshirt J30J324630-BEH,"71,99â‚¬",ğŸš€,ğŸ§¡,100%,2,Free Shipping
Koton Men's Beige Sweater,"16,99â‚¬",ğŸš€,ğŸ§¡,95.6896551724138%,8,Free Shipping Over 30â‚¬
Calvin Klein Black Men's Hat - Logo Detailed,"31,99â‚¬",ğŸš€,ğŸ§¡,N/A,N/A,Free Shipping
AC&Co / AltÄ±nyÄ±ldÄ±z Classics Men's Navy Blue Slim Fit Casual Cut Tie Waist Jogger Pants with Side Pockets,"22,99â‚¬",ğŸš€,ğŸ§¡,92.19760980436935%,453,Free Shipping Over 30â‚¬
Koton Men's Black Sweater,"19,99â‚¬",N/A,ğŸ§¡,100%,1,Free Shipping Over 30â‚¬
Black Sokak White The Hope Printed Oversize Hooded Men's Sweatshirt,"27,99â‚¬",ğŸš€,ğŸ§¡,76.48483450582401%,299,Free Shipping Over 30â‚¬
AC&Co / AltÄ±nyÄ±ldÄ±z Classics Men's Gray Stretch Slim Fit Chino Pants - Side Pocket,"34,99â‚¬",ğŸš€,ğŸ§¡,93.19505332722632%,1054,Free Shipping
Black Sokak Blacksokak Men's Brown Dreamer Printed Oversize Crew Neck Tshirt,"7,99â‚¬",ğŸš€,ğŸ§¡,72.22681672719428%,4795,Free Shipping Over 30â‚¬
adidas Men's Casual Shoes Gazelle Bb5476,"110,00â‚¬",ğŸš€,ğŸ§¡,92.29996652159357%,103,Free Shipping
AC&Co / AltÄ±nyÄ±ldÄ±z Classics Men's Anthracite 100% Cotton Oxford Slim Fit Buttoned Collar Flamed Shirt,"31,99â‚¬",ğŸš€,ğŸ§¡,93.43775150126912%,557,Free Shipping
"AltÄ±nyÄ±ldÄ±z Classics Men's Dark Green Slim Fit Polo Collar T-Shirt - 100% Cotton, Non-Curling","31,99â‚¬",ğŸš€,ğŸ§¡,93.69846326836581%,1472,Free Shipping
Tommy Hilfiger Boxer Men's D Sky/Dp Ind/A Silver/ Frwks/White,"49,90â‚¬",ğŸš€,ğŸ§¡,100%,2,Free Shipping
GRIMELANGE Jorge Men's Soft Hooded Organic Cotton Kangaroo Pocket Regular Light Gray Sweatshirt,"18,99â‚¬",ğŸš€,ğŸ§¡,92.94591283038685%,985,Free Shipping Over 30â‚¬
AC&Co / AltÄ±nyÄ±ldÄ±z Classics Men's Gray Polo Collar Slim Fit Cotton T-Shirt - Non-Shrinkable Non-Curling,"43,99â‚¬",ğŸš€,ğŸ§¡,94.6709666326461%,15643,Free Shipping
"AC&Co / AltÄ±nyÄ±ldÄ±z Classics Black Oxford Men's Shirt - Easy Iron, Button Collar, Slim Fit Cotton","18,99â‚¬",ğŸš€,ğŸ§¡,94.31654072990524%,3701,Free Shipping Over 30â‚¬
Trendyol Collection Navy Blue Regular Fit Men's Knitted Pajamas Set - TMNAW25PT00006,"26,99â‚¬",ğŸš€,ğŸ§¡,86.35057471264366%,48,Free Shipping Over 30â‚¬
AC&Co / AltÄ±nyÄ±ldÄ±z Classics Men's Smoked Slim Fit Slim Fit 5 Pocket Flexible Chino Trousers,"24,99â‚¬",ğŸš€,ğŸ§¡,89.95627784194029%,836,Free Shipping Over 30â‚¬
Trendyol Collection Navy Blue Men's Regular Polo Collar Plain Knitwear Sweater Tmnaw24Kz00067,"42,99â‚¬",ğŸš€,ğŸ§¡,91.57979149959905%,43,Free Shipping
AC&Co / AltÄ±nyÄ±ldÄ±z Classics Camel Flexible Slim Fit Men's Chino Pants with Side Pockets,"33,99â‚¬",ğŸš€,ğŸ§¡,92.84899534965342%,1179,Free Shipping
GRIMELANGE Bryaner Men's Soft Fleece Inside Printed Regular Corded Black Sweatshirt,"43,99â‚¬",ğŸš€,ğŸ§¡,87.35632183908045%,15,Free Shipping
Koton Men's Beige Sweater 3WAM70146HT,"14,99â‚¬",ğŸš€,ğŸ§¡,89.9425287356322%,12,Free Shipping Over 30â‚¬
AC&Co / AltÄ±nyÄ±ldÄ±z Classics Men's Navy Blue Standard Fit Regular Cut Comfortable Flannel Pocket Tie Waist Knitted Stretch Trousers,"32,99â‚¬",ğŸš€,ğŸ§¡,90.85249042145595%,360,Free Shipping
bombe Men's Slim Fit Lycra Nails Jeans Trousers Smoked,"44,99â‚¬",ğŸš€,ğŸ§¡,89.14588859416445%,1625,Free Shipping
GRIMELANGE Core Men's Zippered High Collar Hooded Light Gray Sweatshirt with Drawstring and Fleece Inside,"17,99â‚¬",ğŸš€,ğŸ§¡,93.49915206331261%,427,Free Shipping Over 30â‚¬
AltÄ±nyÄ±ldÄ±z Classics Men's White Groom Suit Ata Collar Tailored Slim Fit Shirt,"26,99â‚¬",N/A,ğŸ§¡,90.42145593869732%,18,Free Shipping Over 30â‚¬
AltÄ±nyÄ±ldÄ±z Classics Yellow Men's Polo Neck Slim Fit Cotton T-Shirt,"37,99â‚¬",ğŸš€,ğŸ§¡,93.14736063603587%,1492,Free Shipping
QS by s.Oliver Trousers Men Adult,"11,99â‚¬",N/A,ğŸ§¡,97.12643678160919%,6,Free Shipping Over 30â‚¬
AC&Co / AltÄ±nyÄ±ldÄ±z Classics Khaki Slim Fit Flexible Plain Cut Men's Chino Pants,"33,99â‚¬",ğŸš€,ğŸ§¡,91.88640973630832%,306,Free Shipping
polo air Uv400 Protected Men's Sunglasses Black,"10,99â‚¬",ğŸš€,ğŸ§¡,86.64589472007644%,6928,Free Shipping Over 30â‚¬
GRIMELANGE Oscar Men's Comfort Fit Long Draped Fabric White T-Shirt,"10,99â‚¬",ğŸš€,ğŸ§¡,84.30682617874737%,245,Free Shipping Over 30â‚¬
Tudors Classic Fit Long Sleeve Cotton Easy Iron Plain Men's Black Shirt,"21,99â‚¬",ğŸš€,ğŸ§¡,93.14499376817615%,83,Free Shipping Over 30â‚¬
AC&Co / AltÄ±nyÄ±ldÄ±z Classics Men's Khaki Slim Fit Slim Fit 5 Pocket Flexible Chino Trousers,"24,99â‚¬",ğŸš€,ğŸ§¡,90.31460365434813%,251,Free Shipping Over 30â‚¬
AC&Co / AltÄ±nyÄ±ldÄ±z Classics Light Brown Slim Fit Stretchy Side Pocket Cotton Men's Chino Pants,"29,99â‚¬",ğŸš€,ğŸ§¡,91.15684093437154%,310,Free Shipping Over 30â‚¬
GRIMELANGE Astons Men's Relaxed 100% Organic Cotton Thick Single Jersey Woven Dark Gray T-Shirt,"9,99â‚¬",ğŸš€,ğŸ§¡,96.16858237547893%,9,Free Shipping Over 30â‚¬
LC Waikiki Crew Neck Long Sleeve Men's Knitwear Sweater - W3I420Z8,"21,99â‚¬",N/A,ğŸ§¡,79.3103448275862%,1,Free Shipping Over 30â‚¬
name it Men's Knit T-Shirt - CO100,"19,99â‚¬",N/A,ğŸ§¡,N/A,N/A,Free Shipping Over 30â‚¬
bombe Slim Fit Men's Denim Shirt Mink,"41,99â‚¬",ğŸš€,ğŸ§¡,89.44896322602818%,1505,Free Shipping
AC&Co / AltÄ±nyÄ±ldÄ±z Classics Men's Anthracite Slim Fit Comfortable Cut Waist Tied Side Pocket Jogger Pants,"25,99â‚¬",ğŸš€,ğŸ§¡,91.33806302590331%,418,Free Shipping Over 30â‚¬
AC&Co / AltÄ±nyÄ±ldÄ±z Classics Men's Brown Wool Comfort Fit Relaxed Fit Classic Lapel Checked Shirt,"19,99â‚¬",ğŸš€,ğŸ§¡,91.37931034482759%,30,Free Shipping Over 30â‚¬
Avva Men's Beige Half Turtleneck Wool Blended Knitwear Sweater E 005015,"28,99â‚¬",ğŸš€,ğŸ§¡,87.6847290640394%,42,Free Shipping Over 30â‚¬
"AC&Co / AltÄ±nyÄ±ldÄ±z Classics Men's Polo Collar T-Shirt - Non-Shrinkable Cotton, Slim Fit, Non-Curling, Saxe-White","38,99â‚¬",ğŸš€,ğŸ§¡,94.02857372037683%,3869,Free Shipping
HLT JEANS Men's Dark Gray Slim Fit Slim Fit Flexible Lycra Denim Jeans Jeans Trousers Hltvalgrey-k,"37,99â‚¬",ğŸš€,ğŸ§¡,92.9889007386341%,873,Free Shipping
adidas Men's Black Sneakers - Response Cl ID8307,"120,00â‚¬",N/A,ğŸ§¡,100%,1,Free Shipping
"Trendyol Collection Men's Baggy Black Pants - Cargo Pocket, TMNSS24PL00021","33,99â‚¬",ğŸš€,ğŸ§¡,93.0519814719506%,67,Free Shipping
bombe Men's Slim Fit Slim Fit Jeans Trousers Gray,"44,99â‚¬",ğŸš€,ğŸ§¡,89.92330757698075%,2392,Free Shipping
"Ducavelli Anchor Genuine Leather Men's Casual Shoes, Loafer Shoes, Light Shoes, Summer Shoes","69,99â‚¬",ğŸš€,ğŸ§¡,91.92347347920725%,301,Free Shipping
Angelsin Men's Basic Standard Size Swimsuit with Zipper Pocket Swim Shorts,"14,99â‚¬",ğŸš€,ğŸ§¡,88.50574712643676%,300,Free Shipping Over 30â‚¬
"Trendyol Collection Men's Beige Color Block Knitwear Sweater - Half Turtleneck, Plus Size Tmnaw25An00011","34,99â‚¬",ğŸš€,ğŸ§¡,84.6743295019157%,9,Free Shipping
Madmext Men's Cream Linen Plain Long Sleeve Shirt 5548,"23,99â‚¬",ğŸš€,ğŸ§¡,89.65517241379308%,95,Free Shipping Over 30â‚¬
"GRIMELANGE Reinhold Men's Hooded, Fleece Inside Printed Bitter Brown Sweatshirt","30,99â‚¬",ğŸš€,ğŸ§¡,94.2528735632184%,33,Free Shipping
"AC&Co / AltÄ±nyÄ±ldÄ±z Classics Men's Polo Collar T-Shirt - Non-Shrinkable Cotton, Slim Fit, Light Beige-White, Non-Curling","38,99â‚¬",ğŸš€,ğŸ§¡,94.31389864093563%,4803,Free Shipping
Calvin Klein Crew Neck White Men's T-Shirt K10K 113587 Yaf,"39,90â‚¬",ğŸš€,ğŸ§¡,100%,1,Free Shipping
Koton 4WAM70122MK Cotton Men's Sweatshirt GRAY,"18,99â‚¬",N/A,ğŸ§¡,100%,1,Free Shipping Over 30â‚¬
AC&Co / AltÄ±nyÄ±ldÄ±z Classics Men's Oxford Gray - Easy-iron Cotton Slim Fit Shirt,"18,99â‚¬",ğŸš€,ğŸ§¡,94.30030857724917%,2302,Free Shipping Over 30â‚¬
AC&Co / AltÄ±nyÄ±ldÄ±z Classics Men's Camel Slim Fit Slim Fit 5 Pocket Flexible Chino Trousers,"23,99â‚¬",ğŸš€,ğŸ§¡,91.18361965970419%,837,Free Shipping Over 30â‚¬
AltÄ±nyÄ±ldÄ±z Classics Men's Beige Slim Fit Slim Fit Seersucker Patterned Flexible Trousers with Side Pockets,"30,99â‚¬",N/A,ğŸ§¡,86.53017241379311%,32,Free Shipping
Trendyol Collection Men's Navy Blue Regular Fit Rubber Detailed Printed Knitted Pajamas Set Tmnaw25Pt00005,"24,99â‚¬",ğŸš€,ğŸ§¡,90.25487256371814%,23,Free Shipping Over 30â‚¬
bombe Slim Fit Men's Denim Shirt Black,"43,99â‚¬",ğŸš€,ğŸ§¡,91.2489407470178%,1058,Free Shipping
"GRIMELANGE JOHN Men's Beige Polo Sweatshirt - Collar, Long Slit, Diagonel Fabric","15,99â‚¬",ğŸš€,ğŸ§¡,75%,16,Free Shipping Over 30â‚¬
"GRIMELANGE JOHN Men's Beige Polo Sweatshirt - Collar, Long Slit, Diagonel Fabric","15,99â‚¬",ğŸš€,ğŸ§¡,75%,16,Free Shipping Over 30â‚¬
Trendyol Collection Baggy Fit Black Men's Jeans - Tmnaw24Je00027,"19,99â‚¬",ğŸš€,ğŸ§¡,95.6896551724138%,12,Free Shipping Over 30â‚¬
Trendyol Collection Men's V-neck Hair Knit Sweater Cardigan - Limited Edition Mint FL TMNAW25HI00005,"27,99â‚¬",ğŸš€,ğŸ§¡,98.67374005305041%,13,Free Shipping Over 30â‚¬
HLT JEANS Men's Gray Slim Fit Slim Fit Flexible Lycra Denim Jeans Jeans Trousers Hlthevalgrey-a,"36,99â‚¬",ğŸš€,ğŸ§¡,93.21798890764408%,572,Free Shipping
Trendyol Collection Men's Black Regular Fit Car Printed Knitted 100% Cotton Pajamas Set Tmnaw25Pt00011,"28,99â‚¬",ğŸš€,ğŸ§¡,92.27110582639715%,29,Free Shipping Over 30â‚¬
AC&Co / AltÄ±nyÄ±ldÄ±z Classics Men's Beige Slim Fit Comfortable Cut Waist Tied Side Pocket Jogger Pants,"33,99â‚¬",ğŸš€,ğŸ§¡,91.46500308493863%,503,Free Shipping
"MOCHA women's, winter, men's collar, piping, knitwear dress","44,99â‚¬",ğŸš€,ğŸ§¡,85.1392295484057%,239,Free Shipping
AC&Co / AltÄ±nyÄ±ldÄ±z Classics Men's Navy Blue Slim Fit Slim Fit 5 Pocket Flexible Chino Trousers,"31,99â‚¬",N/A,ğŸ§¡,89.91905594923948%,1163,Free Shipping
AC&Co / AltÄ±nyÄ±ldÄ±z Classics Men's White Comfort Fit Relaxed Fit Hidden Button Collar 100% Cotton Flared Shirt,"19,99â‚¬",ğŸš€,ğŸ§¡,92.58435298479793%,186,Free Shipping Over 30â‚¬
YXC Slim Fit Men's Denim Shirt Water Green,"36,99â‚¬",ğŸš€,ğŸ§¡,90.72698280392126%,3806,Free Shipping
AltÄ±nyÄ±ldÄ±z Classics Men's White Orange Slim Fit Slim Fit Button Collar Striped Shirt,"48,99â‚¬",ğŸš€,ğŸ§¡,92.38171611868485%,86,Free Shipping
"Madmext Black Embroidered Men's Sweatshirt - Zipper Collar, Pocket, Regular Fit 6028","36,99â‚¬",ğŸš€,ğŸ§¡,91.01220314952656%,681,Free Shipping
"Ducavelli Airy Genuine Leather Suede Men's Casual Shoes, Suede Loafer Shoes, Summer Shoes Navy Blue","69,99â‚¬",ğŸš€,ğŸ§¡,92.28675136116152%,38,Free Shipping
GRIMELANGE Rhett Men's - 100% Organic Cotton Oversize White T-Shirt,"14,99â‚¬",ğŸš€,ğŸ§¡,84.57350272232304%,57,Free Shipping Over 30â‚¬
Trendyol Collection Indigo Men's Summer Slim Fit Shirt Collar Epaulets Shirt TMNSS22GO0287,"33,99â‚¬",N/A,ğŸ§¡,90.94827586206897%,160,Free Shipping
AltÄ±nyÄ±ldÄ±z Classics Men's Mink Comfort Fit Relaxed Cut Hidden Button Collar 100% Cotton Shirt,"50,99â‚¬",ğŸš€,ğŸ§¡,86.73740053050398%,13,Free Shipping
AC&Co / AltÄ±nyÄ±ldÄ±z Classics Men's Slim Fit Navy Blue Flexible Classic Trousers,"36,99â‚¬",ğŸš€,ğŸ§¡,90.55829228243022%,252,Free Shipping
AC&Co / AltÄ±nyÄ±ldÄ±z Classics Men's Navy Blue Anti-pilling Non-pilling Standard Fit Bato Collar Cold-Proof Fleece Sweatshirt,"19,99â‚¬",ğŸš€,ğŸ§¡,94.59637333518073%,11946,Free Shipping Over 30â‚¬
GRIMELANGE Jett Men's Oversize Fit 100% Organic Cotton Thick Textured Crew Neck Dark Green T-Shirt,"22,99â‚¬",ğŸš€,ğŸ§¡,94.02526459542506%,5757,Free Shipping Over 30â‚¬
Black Sokak Brown Statue of Liberty Printed Oversize Hooded Men's Sweatshirt,"16,99â‚¬",ğŸš€,ğŸ§¡,67.12992448366846%,1516,Free Shipping Over 30â‚¬
Angelsin Men's Basic Standard Size Swimsuit with Zipper Pocket Swim Shorts,"14,99â‚¬",ğŸš€,ğŸ§¡,88.50574712643676%,300,Free Shipping Over 30â‚¬
Trendyol Collection Men's Black Hair Knit Cardigan - Shawl Collar,"21,99â‚¬",ğŸš€,ğŸ§¡,100%,3,Free Shipping Over 30â‚¬
"AltÄ±nyÄ±ldÄ±z Classics Men's Ecru Knitwear Sweater - Standard Fit, Half Turtleneck, Non-Pilling","26,99â‚¬",ğŸš€,ğŸ§¡,92.46792985759679%,293,Free Shipping Over 30â‚¬
"Muggo Darwin Genuine Leather - Men's Comfortable Winter Boots, Zip and Guaranteed","49,99â‚¬",ğŸš€,ğŸ§¡,68.19923371647509%,45,Free Shipping
